Stations_id,von_datum,bis_datum,Stationshoehe,geoBreite,geoLaenge,Stationsname,Bundesland
3,19900701,20110401,202,50.7827,6.0941,Aachen,Nordrhein-Westfalen
5,19900705,19950626,190,50.8167,6.1833,Aachen-Merzbrück,Nordrhein-Westfalen
11,20090101,20260112,680,47.9736,8.5205,Donaueschingen (Landeplatz),Baden-Württemberg
44,19900706,19951214,44,52.9336,8.237,Großenkneten,Niedersachsen
90,20071031,20260112,305,50.7557,9.2583,Alsfeld,Hessen
96,20190409,20260112,50,52.9437,12.8518,Neuruppin-Alt Ruppin,Brandenburg
102,19900701,20260112,0,53.8633,8.1275,Leuchtturm Alte Weser,Niedersachsen
125,19930308,20260112,739,47.8342,10.8667,Altenstadt,Bayern
161,20110901,20260112,75,50.4237,7.4202,Andernach,Rheinland-Pfalz
164,19900602,20260112,54,53.0316,13.9908,Angermünde,Brandenburg
183,19900602,20260112,42,54.6791,13.4344,Arkona,Mecklenburg-Vorpommern
197,20080801,20260112,365,51.3219,9.0558,Arolsen-Volkhardinghausen,Hessen
198,19900602,20260112,164,51.3744,11.292,Artern,Thüringen
222,19900622,20080701,393,50.5908,12.7139,Aue,Sachsen
232,19900701,20260112,462,48.4253,10.9417,Augsburg,Bayern
282,19900701,20260112,240,49.8743,10.9206,Bamberg,Bayern
298,19900622,20260112,3,54.3405,12.7108,Barth,Mecklenburg-Vorpommern
303,19930910,20260112,55,52.0613,13.4997,Baruth,Brandenburg
305,19911104,19941027,53,53.7333,12.9333,Basepohl,Mecklenburg-Vorpommern
342,20101201,20260112,103,52.317,8.1694,Belm,Niedersachsen
348,19900701,20110902,127,50.4135,7.5886,Bendorf,Rheinland-Pfalz
368,19930301,20260109,69,52.8152,9.9248,Bergen,Niedersachsen
399,19900621,20150628,36,52.5198,13.4057,Berlin-Alexanderplatz,Berlin
403,19900701,20260112,51,52.4537,13.3017,Berlin-Dahlem (FU),Berlin
427,19900602,20260112,46,52.3807,13.5306,Berlin Brandenburg,Brandenburg
430,19760101,20210505,36,52.5644,13.3088,Berlin-Tegel,Berlin
433,19760331,20260112,48,52.4676,13.402,Berlin-Tempelhof,Berlin
460,19900701,20260112,362,49.2641,6.6868,Berus,Saarland
554,19900701,20060301,23,51.8293,6.5365,Bocholt-Liedern (Wasserwerk),Nordrhein-Westfalen
591,19900604,20260112,45,53.3911,10.6878,Boizenburg,Mecklenburg-Vorpommern
596,19900602,20260112,15,54.0027,11.1908,Boltenhagen,Mecklenburg-Vorpommern
599,19900701,19990301,62,50.7055,7.1467,Bonn-Friesdorf,Nordrhein-Westfalen
603,19990303,20260112,147,50.7293,7.204,Königswinter-Heiderhof,Nordrhein-Westfalen
619,20060720,20260112,12,53.5788,6.6703,Borkum-Süderstraße,Niedersachsen
642,20080402,20260112,4,53.3518,8.4969,Brake,Niedersachsen
649,19911106,19940623,31,52.4333,12.45,Brandenburg-Briest,Brandenburg
656,19900701,20260112,607,51.7234,10.6021,Braunlage,Niedersachsen
662,19900701,20260112,81,52.2915,10.4464,Braunschweig,Niedersachsen
685,19900820,20061102,585,49.9017,9.4281,Breitsol,Bayern
691,19900701,20260112,4,53.0451,8.7981,Bremen,Bremen
701,19900701,20260112,7,53.5332,8.5761,Bremerhaven,Bremen
704,19900701,20260112,11,53.4451,9.139,Bremervörde,Niedersachsen
706,19900921,19920602,234,47.8858,7.6611,Eschbach,Baden-Württemberg
722,19900602,20260112,1135,51.7986,10.6183,Brocken,Sachsen-Anhalt
743,19900705,20010328,73,51.2,6.1333,Brüggen (Flugplatz),Nordrhein-Westfalen
766,19900921,20260109,477,50.1745,7.0595,Büchel-Alflen,Rheinland-Pfalz
769,19930301,20260112,68,52.2817,9.089,Bückeburg,Niedersachsen
788,20071030,20260112,3,54.1193,8.8584,Büsum,Schleswig-Holstein
832,19900705,19950809,48,50.9833,6.9,Butzweilerhof,Nordrhein-Westfalen
840,19900620,20260112,895,50.4313,12.6114,Carlsfeld,Sachsen
850,19930301,20260110,39,52.5959,10.0296,Celle,Niedersachsen
853,19900602,20260112,416,50.7913,12.872,Chemnitz,Sachsen
856,19900717,20260112,551,47.8843,12.5404,Chieming,Bayern
867,19900701,20260112,344,50.3066,10.9679,Lautertal-Oberlauter,Bayern
876,19900619,19900728,314,51.304,13.0096,Collmberg,Sachsen
879,19911104,20030606,68,51.7667,14.2833,Cottbus (Flugplatz),Brandenburg
880,19900115,20260112,69,51.7759,14.3168,Cottbus,Brandenburg
891,19821215,20260112,5,53.8712,8.7058,Cuxhaven,Niedersachsen
950,19900701,19930325,194,51.95,8.9,Detmold,Nordrhein-Westfalen
953,19900701,20260112,481,49.7619,7.0542,Deuselbach,Rheinland-Pfalz
954,19900701,20260112,0,54.1796,7.4587,UFS Deutsche Bucht,Hamburg
963,19930301,20260112,38,52.5881,8.3424,Diepholz,Niedersachsen
1001,19900602,20260112,97,51.6451,13.5747,Doberlug-Kirchhain,Brandenburg
1011,20081101,20260112,442,49.6017,7.7413,Dörrmoschel-Felsbergerhof,Rheinland-Pfalz
1013,20080610,20260112,309,47.6026,8.1697,Dogern,Baden-Württemberg
1048,19900602,20260112,228,51.1278,13.7543,Dresden-Klotzsche,Sachsen
1078,19900701,20260112,37,51.296,6.7686,Düsseldorf,Nordrhein-Westfalen
1130,19900706,20050420,18,54.6282,9.3649,Eggebek,Schleswig-Holstein
1185,19900701,20020130,0,54,8.1167,UFS Elbe 1,Hamburg
1200,19900701,20260112,3,54.0691,9.0105,Elpersbüttel,Schleswig-Holstein
1219,19900701,19970630,5,53.3449,7.1909,Emden-Nesserland,Niedersachsen
1228,19900907,20250723,0,54.1651,6.346,UFS TW Ems,Hamburg
1253,20230510,20260112,286,50.426,7.9395,Nentershausen (KA),Rheinland-Pfalz
1261,19900704,19910801,462,48.3167,11.95,Erding,Bayern
1262,19920519,20260112,446,48.3477,11.8134,München-Flughafen,Bayern
1270,19900602,20260112,317,50.9827,10.9613,Erfurt-Weimar,Thüringen
1303,19900701,20260112,150,51.4041,6.9677,Essen-Bredeney,Nordrhein-Westfalen
1339,19930301,20260110,74,52.9157,10.1885,Faßberg,Niedersachsen
1341,20081201,20111102,0,54.6,11.15,Fehmarnbelt,Schleswig-Holstein
1346,19900701,20260111,1486,47.8748,8.0038,Feldberg/Schwarzwald,Baden-Württemberg
1357,20080919,20260112,655,49.9807,11.8376,Fichtelberg/Oberfranken-Hüttstadl,Bayern
1358,19900602,20260112,1213,50.4283,12.9536,Fichtelberg,Sachsen
1379,20060601,20260112,41,54.7737,9.3753,Flensburg (Schäferhaus),Schleswig-Holstein
1402,19900810,19920925,28,54.7,7.1667,Forschungsplattform Nordsee,Hamburg
1420,19900627,20260112,100,50.0259,8.5213,Frankfurt/Main,Hessen
1443,19900701,20260112,237,48.0232,7.8343,Freiburg,Baden-Württemberg
1468,19900701,20260112,797,48.4538,8.409,Freudenstadt,Baden-Württemberg
1490,20070926,20260112,394,47.6454,9.4795,Friedrichshafen,Baden-Württemberg
1503,20121001,20260112,6,53.0643,7.902,Friesoythe-Altenoythe,Niedersachsen
1504,19930302,20260107,172,51.119,9.2799,Fritzlar/Eder,Hessen
1515,19900703,20030402,519,48.2,11.2667,Fürstenfeldbruck,Bayern
1544,19900602,20260112,47,52.5129,11.3942,Gardelegen,Sachsen-Anhalt
1550,19900813,20260112,719,47.483,11.0621,Garmisch-Partenkirchen,Bayern
1572,19930302,20260112,80,50.9593,6.0392,Geilenkirchen-Neutevern,Nordrhein-Westfalen
1580,20061201,20260112,111,49.9859,7.9548,Geisenheim,Hessen
1587,19900705,20260112,536,48.9481,11.4289,Gelbelsee,Bayern
1605,19900705,20260112,35,52.3875,12.1602,Genthin,Sachsen-Anhalt
1612,19900602,20260112,311,50.8812,12.1289,Gera-Leumnitz,Thüringen
1639,19900701,20260112,203,50.6017,8.6439,Giessen/Wettenberg,Hessen
1666,19900702,20260110,12,54.8273,9.5058,Glücksburg-Meierwik,Schleswig-Holstein
1684,19900602,20260112,239,51.1621,14.9506,Görlitz,Sachsen
1691,19900701,20260112,167,51.5002,9.9507,Göttingen,Niedersachsen
1694,19900622,20260112,59,53.6058,12.1034,Goldberg,Mecklenburg-Vorpommern
1757,19900602,20260112,2,54.0967,13.4056,Greifswald,Mecklenburg-Vorpommern
1759,20001101,20260112,11,54.2437,13.9104,Greifswalder Oie,Mecklenburg-Vorpommern
1766,19900701,20260112,48,52.1344,7.6969,Münster/Osnabrück,Nordrhein-Westfalen
1803,20080610,20260112,35,54.0714,12.3238,Sanitz-Groß Lüsewitz,Mecklenburg-Vorpommern
1832,19900701,20260112,1436,49.1129,13.1338,Großer Arber,Bayern
1869,19900622,20260112,56,53.3154,13.9339,Grünow,Brandenburg
1886,20091126,20251224,444,48.4878,10.2608,Günzburg,Bayern
1892,19900701,20010329,72,51.9298,8.3005,Gütersloh (Flugplatz),Nordrhein-Westfalen
1957,19911103,20150323,93,51.5138,11.9499,Halle-Kröllwitz,Sachsen-Anhalt
1963,20060727,20260112,4,54.5742,8.5133,Hallig Hooge,Schleswig-Holstein
1975,19900701,20260112,11,53.6332,9.9881,Hamburg-Fuhlsbüttel,Hamburg
1993,20091101,20260112,68,52.0848,9.3896,Hameln,Niedersachsen
2014,19900701,20260112,55,52.4644,9.6779,Hannover,Niedersachsen
2023,19910210,20260112,501,48.7918,10.7062,Harburg,Bayern
2044,19900618,20260112,404,51.652,11.1366,Harzgerode,Sachsen-Anhalt
2055,20090101,20141228,292,50.0493,10.4947,Haßfurt,Bayern
2100,20181201,20191116,4,54.186,7.9119,Helgoland-Düne,Schleswig-Holstein
2115,19900701,20260112,4,54.175,7.892,Helgoland,Schleswig-Holstein
2170,20201104,20260112,526,50.1499,6.5527,Weißenseifen,Rheinland-Pfalz
2171,19900701,20260112,272,50.852,9.7377,Hersfeld,Hessen
2252,20050701,20260112,271,50.8992,14.7456,Bertsdorf-Hörnitz,Sachsen
2261,19900701,20260112,565,50.3123,11.876,Hof,Bayern
2290,19900701,20260112,977,47.8009,11.0108,Hohenpeißenberg,Bayern
2303,19900706,20260110,10,54.3162,9.5385,Hohn,Schleswig-Holstein
2315,19911105,20260109,78,51.7657,13.1666,Holzdorf-Bernsdorf,Brandenburg
2338,19900705,20051216,39,52.3333,7.55,Hopsten (Flugplatz),Nordrhein-Westfalen
2349,20091208,20260112,1138,48.6136,8.2033,Hornisgrinde,Baden-Württemberg
2377,20101201,20260112,362,47.7001,7.5895,Kandern-Gupf,Baden-Württemberg
2385,19930301,20260110,376,49.6927,7.3263,Idar-Oberstein,Rheinland-Pfalz
2410,19930301,20260110,364,48.7111,11.5363,Ingolstadt-Manching,Bayern
2429,19930301,20260112,20,53.9897,9.5697,Itzehoe,Schleswig-Holstein
2437,19900706,20260110,21,54.457,9.5203,Schleswig-Jagel,Schleswig-Holstein
2456,19900706,20050826,7,53.5322,7.8806,Jever,Niedersachsen
2483,19900701,20260112,839,51.1803,8.4891,Kahler Asten,Nordrhein-Westfalen
2485,20110502,20251218,489,48.917,9.6871,Kaisersbach-Cronhütte,Baden-Württemberg
2494,19930302,20131020,31,51.7329,6.2688,Kalkar,Nordrhein-Westfalen
2497,20040801,20260112,505,50.5014,6.5264,Kall-Sistig,Nordrhein-Westfalen
2503,19900620,20030502,487,50.6266,10.1455,Kaltennordheim,Thüringen
2522,19900701,20081031,112,49.0382,8.3641,Karlsruhe,Baden-Württemberg
2532,19900701,20131101,231,51.2963,9.4424,Kassel,Hessen
2559,19900820,20260112,705,47.7233,10.3348,Kempten,Bayern
2564,19900701,20260112,28,54.3776,10.1424,Kiel-Holtenau,Schleswig-Holstein
2573,20071205,20260112,470,47.9588,12.7717,Waging am See-Schnöbling,Bayern
2597,19900701,20260112,282,50.224,10.0792,Kissingen,Bayern
2601,19900701,20260112,822,50.2218,8.4469,Kleiner Feldberg/Taunus,Hessen
2638,19900701,20260112,974,48.1054,8.7548,Klippeneck,Baden-Württemberg
2667,19900701,20260112,91,50.8645,7.1575,Köln/Bonn,Nordrhein-Westfalen
2703,19900701,20001011,496,51.855,9.3239,Köterberg,Nordrhein-Westfalen
2712,19900705,20260112,428,47.6952,9.1307,Konstanz,Baden-Württemberg
2773,19930302,20260103,416,49.4283,11.9016,Kümmersbruck,Bayern
2794,19900622,20260112,40,52.9362,12.4093,Kyritz,Brandenburg
2796,19911103,20260110,40,53.9156,12.279,Laage-Kronskamp,Mecklenburg-Vorpommern
2798,19900705,19990504,32,51.6,6.15,Laarbruch,Nordrhein-Westfalen
2812,19950110,20260112,156,48.3647,7.828,Lahr,Baden-Württemberg
2829,19900701,20180622,617,48.0772,10.9144,Landsberg (Flugplatz),Bayern
2856,20071002,20260112,92,51.9173,13.0878,Langenlipsdorf,Brandenburg
2878,20170801,20260112,117,51.3909,11.8786,Lauchstädt,Sachsen-Anhalt
2886,19930302,20260110,539,48.2175,9.9097,Laupheim,Baden-Württemberg
2897,20081105,20260112,522,50.5808,9.2857,Lautertal-Hörgenau,Hessen
2905,19900701,20260110,550,48.1849,10.8507,Lechfeld,Bayern
2907,19900718,20260112,7,54.7903,8.9514,Leck,Schleswig-Holstein
2925,19900604,20260112,356,51.3932,10.3123,Leinefelde,Thüringen
2928,19970411,20260112,138,51.3151,12.4462,Leipzig-Holzhausen,Sachsen
2932,19900602,20260112,131,51.4347,12.2396,Leipzig/Halle,Sachsen
2961,19900701,20260112,0,54.4996,10.2737,Leuchtturm Kiel,Schleswig-Holstein
2985,19910305,20260112,321,50.9383,14.2094,Lichtenhain-Mittelndorf,Sachsen
3015,19900115,20260112,98,52.2085,14.118,Lindenberg,Brandenburg
3023,19900701,20161231,22,52.5181,7.3081,Lingen,Niedersachsen
3028,19900701,20260112,157,51.7854,8.8388,Lippspringe,Sachsen-Anhalt
3032,19900701,20260112,25,55.011,8.4125,List auf Sylt,Schleswig-Holstein
3086,19900701,20260112,15,53.8025,10.6989,Lübeck-Blankensee,Schleswig-Holstein
3093,19900701,20260112,16,52.9724,11.1374,Lüchow,Niedersachsen
3097,19900702,19930903,421,51.2,7.6333,Lüdenscheid (Flugplatz),Nordrhein-Westfalen
3098,19940112,20260112,387,51.2452,7.6425,Lüdenscheid,Nordrhein-Westfalen
3126,19900604,20260112,79,52.1029,11.5827,Magdeburg,Sachsen-Anhalt
3158,19900621,20260112,12,52.5468,14.5453,Manschnow,Brandenburg
3166,19900622,20260112,639,50.6511,13.1469,Marienberg,Sachsen
3167,19900701,20260112,547,50.6621,7.9603,Marienberg,Rheinland-Pfalz
3170,19931008,19960219,9,54.4937,11.2411,Marienleuchte,Schleswig-Holstein
3196,19900605,20260112,81,53.3221,11.9324,Marnitz,Mecklenburg-Vorpommern
3231,19900602,20260112,450,50.5611,10.3771,Meiningen,Thüringen
3244,20110513,20260112,614,47.9821,10.1384,Memmingen,Bayern
3245,19900701,20021111,630,47.9833,10.2333,Memmingen (Flugplatz),Bayern
3246,19930302,20070511,181,50.3667,7.3167,Mendig,Rheinland-Pfalz
3254,19700402,20260110,19,52.7155,7.3176,Meppen,Niedersachsen
3268,19930301,20260112,900,48.1694,8.9433,Meßstetten-Appental,Baden-Württemberg
3287,19900701,20260112,453,49.7177,9.0997,Michelstadt-Vielbrunn,Hessen
3321,20080424,20260112,76,51.1313,6.3608,Mönchengladbach-Hilderath,Nordrhein-Westfalen
3362,19900701,20260112,243,48.9721,8.8735,Mühlacker,Baden-Württemberg
3366,19900701,20260112,406,48.279,12.5024,Mühldorf,Bayern
3376,20040601,20260112,64,52.5176,14.1232,Müncheberg,Brandenburg
3379,19900701,20260112,515,48.1632,11.5429,München-Stadt,Bayern
3390,19900701,19920511,529,48.1369,11.7094,München-Riem,Bayern
3402,20080131,20260112,755,48.3851,9.4837,Münsingen-Apfelstetten,Baden-Württemberg
3478,19900602,20050817,81,53.5468,13.1914,Neubrandenburg,Mecklenburg-Vorpommern
3484,19900805,20260109,379,48.7085,11.2147,Neuburg an der Donau,Bayern
3513,19900207,20260112,845,50.5003,11.1345,Neuhaus am Rennweg,Thüringen
3518,19930301,19940413,793,47.976,8.9101,Neuhausen ob Eck,Baden-Württemberg
3534,20090501,20260112,584,49.2713,11.4881,Neumarkt-Höhenberg,Bayern
3538,19900701,19951020,20,54.0833,9.9333,Neumünster-Wasbek,Schleswig-Holstein
3552,19900602,20190408,38,52.9037,12.8071,Neuruppin,Brandenburg
3603,19930301,20260110,459,49.3895,9.9666,Niederstetten,Baden-Württemberg
3623,19900921,20260112,108,50.8294,6.6601,Nörvenich-Niederbolheim,Nordrhein-Westfalen
3631,19900701,20260112,12,53.7123,7.1519,Norderney,Niedersachsen
3639,19900706,20260110,24,53.7647,8.6584,Nordholz-Wanhöden,Niedersachsen
3651,20080901,20260112,111,51.7521,9.945,Northeim-Stöckheim,Niedersachsen
3657,20051031,20150831,341,50.9081,7.5543,Nümbrecht auf dem Lindchen,Nordrhein-Westfalen
3659,19900701,19950306,627,50.3391,6.9501,Nürburg,Rheinland-Pfalz
3660,19950306,20260112,485,50.3602,6.8697,Nürburg-Barweiler,Rheinland-Pfalz
3668,19900701,20260112,314,49.503,11.0549,Nürnberg,Bayern
3730,19900730,20260112,806,47.3984,10.2759,Oberstdorf,Bayern
3761,19900701,20260112,276,49.207,9.5176,Öhringen,Baden-Württemberg
3775,19900705,20010319,100,50.1029,8.7468,Offenbach/Main-Zentrallabor (RADA),Hessen
3791,19900701,20121001,11,53.1763,8.1824,Oldenburg,Niedersachsen
3811,19900111,20260112,151,51.296,13.0928,Oschatz,Sachsen
3815,19900701,20101130,95,52.2553,8.0534,Osnabrück,Niedersachsen
3821,19900621,20260112,244,51.0872,11.9293,Osterfeld,Sachsen-Anhalt
3873,19911101,19941118,4,54.3667,13.0833,Parow (Flugplatz),Mecklenburg-Vorpommern
3879,19900703,19961229,409,48.5779,13.4694,Passau-Oberhaus,Bayern
3897,19900701,20260112,2,54.0893,10.8773,Pelzerhaken,Schleswig-Holstein
3905,20111101,20260112,407,49.5214,6.4476,Perl-Sinz-Renglischberg,Saarland
3921,19900817,19970527,396,49.85,7.6,Pferdsfeld,Rheinland-Pfalz
3925,20050907,20260112,332,48.9329,8.6973,Pforzheim-Ispringen,Baden-Württemberg
3946,19900104,20260112,387,50.4818,12.13,Plauen,Sachsen
3987,19900602,20260112,81,52.3812,13.0622,Potsdam,Brandenburg
3997,19911102,19941230,100,51.6667,14.6333,Preschen (Flugplatz),Brandenburg
4024,19900613,20260112,40,54.3643,13.4771,Putbus,Mecklenburg-Vorpommern
4026,19900701,19960613,1,54.5,11.2167,Puttgarden,Schleswig-Holstein
4032,20080521,20260112,142,51.7953,11.132,Quedlinburg,Sachsen-Anhalt
4036,20091014,20260112,206,51.3895,11.5412,Querfurt-Mühle Lodersleben,Sachsen-Anhalt
4039,19960214,20260112,11,53.7331,9.8776,Quickborn,Schleswig-Holstein
4094,20051020,20260112,441,47.8062,9.6206,Weingarten,Baden-Württemberg
4104,19900701,20260112,365,49.0425,12.1019,Regensburg,Bayern
4174,19930301,20171214,40,52.2887,7.3866,Rheine-Bentlage,Nordrhein-Westfalen
4177,20081101,20260112,116,48.9726,8.3301,Rheinstetten,Baden-Württemberg
4190,19900701,19940128,526,48.1667,9.5,Riedlingen (A),Baden-Württemberg
4225,20081201,20190413,373,49.2195,12.536,Roding-Wetterfeld,Bayern
4271,19900602,20260112,5,54.1803,12.0808,Rostock-Warnemünde,Mecklenburg-Vorpommern
4279,20081105,20260112,593,50.3046,6.3863,Roth bei Prüm,Rheinland-Pfalz
4280,19930302,20260112,386,49.2162,11.1035,Roth,Bayern
4336,19900701,20260112,319,49.2128,7.1077,Saarbrücken-Ensheim,Saarland
4371,19900701,20260112,135,52.1042,8.7521,Salzuflen,Nordrhein-Westfalen
4393,19991201,20260112,5,54.3279,8.6031,Sankt Peter-Ording,Schleswig-Holstein
4445,19900622,19910729,614,51.7659,10.6533,Wernigerode-Schierke,Sachsen-Anhalt
4464,19900618,20260112,501,50.5679,11.8041,Schleiz,Thüringen
4466,19900701,20260112,43,54.5275,9.5487,Schleswig,Schleswig-Holstein
4501,19900602,20260112,938,50.6545,10.7696,Schmücke,Thüringen
4625,19900602,20260112,59,53.6424,11.3871,Schwerin,Mecklenburg-Vorpommern
4629,19900702,19991130,37,54.5166,9.142,Schwesing,Schleswig-Holstein
4642,19900602,20260112,22,52.8911,11.7297,Seehausen,Sachsen-Anhalt
4663,20081128,20110411,535,50.1633,12.1188,Selb/Selbbach,Bayern
4702,19950110,20071109,645,48.1,9.25,Sigmaringen (Flugplatz),Baden-Württemberg
4719,19900701,20070828,169,49.2447,8.8787,Sinsheim,Baden-Württemberg
4745,19900701,20260112,75,52.9604,9.793,Soltau,Niedersachsen
4752,19900602,20080630,626,50.3746,11.1828,Sonneberg-Neufang,Thüringen
4880,20081101,20260112,450,49.0878,10.124,Stimpfach-Weipertshofen,Baden-Württemberg
4887,19900701,20260112,734,48.6656,9.8648,Stötten,Baden-Württemberg
4911,19930302,20260112,351,48.8275,12.5597,Straubing,Bayern
4919,20060717,20260112,7,54.4965,8.8069,Strucklahnungshörn,Schleswig-Holstein
4928,19900701,20260112,314,48.8281,9.2,Stuttgart (Schnarrenberg),Baden-Württemberg
4931,19900701,20260112,371,48.6883,9.2235,Stuttgart-Echterdingen,Baden-Württemberg
4947,20061101,20260112,129,52.2317,10.92,Süpplingen,Niedersachsen
5009,19900602,20040701,37,53.761,12.5574,Teterow,Mecklenburg-Vorpommern
5029,19900701,20260112,387,49.4737,7.0385,Tholey,Saarland
5078,20070823,20260112,2,53.9619,10.8892,Travemünde,Schleswig-Holstein
5100,19900701,20260112,261,49.7479,6.6583,Trier-Petrisberg,Rheinland-Pfalz
5109,19911101,20260112,68,53.5998,13.3039,Trollenhagen,Mecklenburg-Vorpommern
5142,19900602,20260112,1,53.7445,14.0698,Ueckermünde,Mecklenburg-Vorpommern
5155,19900820,20140901,567,48.3837,9.9524,Ulm,Baden-Württemberg
5158,19900621,20260110,159,52.1601,11.1759,Ummendorf,Sachsen-Anhalt
5277,19920731,20090630,349,50.8119,9.128,Wahlen,Hessen
5319,20091001,20260112,576,47.9167,9.7076,Waldsee,Baden-Württemberg
5327,20091217,20260112,404,49.5789,9.3974,Walldürn,Baden-Württemberg
5347,19900701,20260112,236,51.5039,9.1118,Warburg,Nordrhein-Westfalen
5349,19940610,20260112,73,53.5196,12.6654,Waren (Müritz),Mecklenburg-Vorpommern
5371,19900701,20260112,920,50.4973,9.9427,Wasserkuppe,Hessen
5397,19900701,20260112,440,49.6662,12.1844,Weiden,Bayern
5404,20081124,20260112,477,48.4024,11.6946,Weihenstephan-Dürnast,Bayern
5412,20070427,20260112,771,47.6802,8.1964,Weilheim-Bierbronnen,Baden-Württemberg
5419,19961102,20070630,264,50.9751,11.3076,Weimar,Thüringen
5426,19900701,20260112,553,49.3758,8.1212,Weinbiet,Rheinland-Pfalz
5440,19900701,20260112,439,49.0115,10.9308,Weißenburg-Emetzheim,Bayern
5467,19900701,20120921,1832,47.7035,12.0119,Wendelstein,Bayern
5480,19900705,20260112,85,51.5763,7.8879,Werl,Nordrhein-Westfalen
5490,19900602,20260112,233,51.8454,10.7686,Wernigerode,Sachsen-Anhalt
5516,19960613,20260112,3,54.5283,11.0606,Fehmarn,Schleswig-Holstein
5538,20180125,20260112,551,47.8827,11.1576,Wielenbach (Demollstr.),Bayern
5546,19900618,20260112,187,52.1206,12.4586,Wiesenburg,Brandenburg
5564,19900705,19920328,88,51.1167,6.2167,Wildenrath,Nordrhein-Westfalen
5629,19900602,20260112,105,51.8891,12.6446,Wittenberg,Sachsen-Anhalt
5640,19900701,20260110,7,53.5444,7.6625,Wittmundhafen,Niedersachsen
5642,19950928,20010911,72,53.1833,12.5167,Wittstock,Brandenburg
5663,19920316,19960723,118,53.4618,13.6099,Woldegk,Mecklenburg-Vorpommern
5697,19911102,19930329,10,52.6167,14.2333,Wriezen,Brandenburg
5705,19900701,20260112,268,49.7704,9.9576,Würzburg,Bayern
5715,19900702,20260110,49,52.4626,9.4245,Wunstorf,Niedersachsen
5779,19900602,20260112,877,50.7313,13.7516,Zinnwald-Georgenfeld,Sachsen
5792,19900701,20260112,2956,47.421,10.9848,Zugspitze,Bayern
5797,20140922,20260112,349,50.6879,12.4329,Lichtentanne,Sachsen
5800,19900705,20260112,615,49.028,13.2385,Zwiesel,Bayern
5825,20120704,20260112,41,52.6198,12.7867,Berge,Brandenburg
5839,19970719,20241210,0,53.3881,7.2287,Emden,Niedersachsen
5851,20081101,20260112,392,51.0806,8.8769,Frankenberg-Geismar,Hessen
5856,19970206,20260112,476,48.5451,13.3532,Fürstenzell,Bayern
5871,19970702,20260112,497,49.9463,7.2645,Hahn,Rheinland-Pfalz
5877,20090710,20260112,5,54.316,10.8002,Putlos,Schleswig-Holstein
5906,19900701,20260112,98,49.5063,8.5584,Mannheim,Baden-Württemberg
5930,19900701,20260112,1,54.641,10.0238,Schönhagen (Ostseebad),Schleswig-Holstein
6091,20091201,20260112,14,53.7674,7.6721,Spiekeroog (SWN),Niedersachsen
6096,20061017,20260112,416,49.1423,10.7301,Altmühlsee,Bayern
6097,20071016,20260112,4,54.4738,12.5014,Darßer Ort (SWN),Mecklenburg-Vorpommern
6098,20060913,20100501,398,47.8147,9.0237,Stockach-Espasingen,Baden-Württemberg
6099,20060925,20260112,449,47.702,8.7318,Gailingen,Baden-Württemberg
6101,20071016,20260112,51,54.1323,11.6719,Bastorf-Kägsdorf (SWN),Mecklenburg-Vorpommern
6102,20070927,20260112,397,47.5396,9.6843,Lindau (SWN),Bayern
6103,20071010,20260112,923,47.4287,11.2616,Mittenwald/Obb.,Bayern
6106,20071210,20260112,62,53.3311,12.7149,Rechlin,Mecklenburg-Vorpommern
6107,20080620,20260112,703,47.8076,9.1035,Sipplingen (SWN),Baden-Württemberg
6108,20060505,20260112,7,53.7197,9.4192,Ruthenstrom,Niedersachsen
6124,19940604,19960219,14,53.8,7.9,Wangerooge (A),Niedersachsen
6159,20081201,20260112,8,52.9542,7.3197,Dörpen,Niedersachsen
6163,19991004,20260112,27,54.1654,10.3519,Dörnick,Schleswig-Holstein
6184,20040717,20040717,6,53.5333,8.1667,Wilhelmshaven (Flugplatz),Niedersachsen
6189,19930301,19940527,34,53.1333,9.35,Rotenburg (Wümme) (Flugplatz),Niedersachsen
6196,20110519,20260112,611,50.1587,12.0386,Selb-Spielberg,Bayern
6197,20001012,20260112,258,51.8664,9.271,Lügde-Paenbruch,Nordrhein-Westfalen
6211,20070823,20260112,464,47.955,12.1735,Vogtareuth (Kläranlage),Bayern
6238,20061019,20170729,675,47.9946,11.269,Starnberg-Perchting,Bayern
6253,20071001,20260112,31,52.4228,12.5667,Brandenburg/Havel,Brandenburg
6292,20090423,20100725,5,54.6833,6.7833,Nordseeboje 3,Hamburg
6314,20061124,20260112,306,51.0507,13.3003,Nossen,Sachsen
6320,20201104,20260112,560,50.2272,6.7524,Kirchweiler,Rheinland-Pfalz
6329,20201104,20260112,128,49.8559,7.9806,Sprendlingen,Rheinland-Pfalz
6333,20201104,20260112,650,49.7286,7.1289,Hüttgeswasen,Rheinland-Pfalz
6344,20100927,20260112,168,50.394,8.1423,Runkel-Ennerich,Hessen
7244,19910319,20040930,62,53.1424,13.0319,Neuglobsow (HM),Brandenburg
7308,20080827,20180125,541,47.8847,11.154,Wielenbach,Bayern
7325,20110901,20151231,2650,47.4165,10.9795,Schneefernerhaus,Bayern
7340,20080719,20191215,84,50.3713,7.5791,Koblenz (Falckensteinkaserne),Rheinland-Pfalz
7341,20050718,20260112,119,50.09,8.7862,Offenbach-Wetterpark,Hessen
7351,20050908,20260112,115,53.3176,13.4175,Feldberg/Mecklenburg,Mecklenburg-Vorpommern
7367,20071201,20260112,144,51.9643,9.8072,Alfeld,Niedersachsen
7368,20071101,20260112,312,51.0007,10.3621,Eisenach,Thüringen
7369,20071101,20260112,475,49.1623,10.3661,Feuchtwangen-Heilbronn,Bayern
7370,20061211,20260112,499,49.391,12.6838,Waldmünchen,Bayern
7374,20060301,20260112,46,52.0813,6.9409,Ahaus,Nordrhein-Westfalen
7389,20130411,20260112,83,52.7461,13.8427,Heckelberg,Brandenburg
7391,20120201,20260112,443,49.5561,8.9669,Oberzent-Beerfelden-Vogelherd,Hessen
7392,20080101,20260112,304,50.3332,10.4487,Aubstadt,Bayern
7393,20100101,20260112,116,51.4492,14.2533,Hoyerswerda,Sachsen
7394,20060601,20260112,622,50.0315,11.9745,Wunsiedel-Schönbrunn,Bayern
7395,20071201,20260112,351,48.6595,12.5388,Gottfrieding,Bayern
7396,20080501,20260112,740,50.5084,9.2246,Hoherodskopf/Vogelsberg,Hessen
7403,20070330,20260112,672,47.7955,10.0325,Leutkirch-Herlazhofen,Baden-Württemberg
7410,20110201,20260112,350,50.7513,9.0224,Neu-Ulrichstein,Hessen
7412,20061001,20260112,340,50.0083,9.4238,Neuhütten/Spessart,Bayern
7416,20081001,20260112,541,51.0112,8.2733,Birkelbach,Nordrhein-Westfalen
10510,20090101,20260112,244,48.8059,9.5046,Winterbach/Remstal,Baden-Württemberg
13674,20070801,20260112,237,49.2943,8.9053,Waibstadt,Baden-Württemberg
13676,20100101,20260112,378,48.8608,12.0323,Langquaid-Oberschneidhart,Bayern
13693,20080828,20260112,70,51.9258,8.3111,Gütersloh/Ems,Nordrhein-Westfalen
13701,20080901,20260112,250,51.1945,9.9885,Eschwege-Eltmannshausen,Hessen
13711,20161201,20260112,289,50.682,11.515,Krölpa-Rockendorf,Thüringen
13900,20081001,20260112,145,50.2688,9.358,Soden,Hessen
13901,20081201,20260112,41,51.7343,7.1998,Haltern (Wasserwerk),Nordrhein-Westfalen
13904,20080915,20100426,3,55,6.3333,Nordseeboje 2,Hamburg
13932,20081101,20260112,388,48.3617,13.1938,Rotthalmünster (Landwirtschaftsamt),Bayern
13952,20090201,20260112,278,51.4089,8.0094,Arnsberg-Müschede,Nordrhein-Westfalen
13965,20081201,20260112,619,48.2639,8.8134,Balingen-Bronnhaupten,Baden-Württemberg
14006,20201104,20260112,145,49.3683,8.1854,Mußbach (Neustadt),Rheinland-Pfalz
14007,20200921,20260112,164,49.9596,8.236,Mainz-Marienborn,Rheinland-Pfalz
14008,20201104,20260112,245,49.8228,8.1044,Rommersheim (Eichenhof),Rheinland-Pfalz
14009,20200930,20260112,110,49.401,8.3478,Schifferstadt,Rheinland-Pfalz
14010,20201104,20260112,274,50.5582,7.0317,Esch/Swistbach,Rheinland-Pfalz
14011,20201104,20260112,309,50.4528,7.6528,Grenzau,Rheinland-Pfalz
14012,20230313,20260112,184,49.8598,7.8487,Kreuznach,Rheinland-Pfalz
14013,20201104,20260112,92,49.8447,8.3492,Oppenheim/ Rhein,Rheinland-Pfalz
14014,20200930,20260112,224,49.7271,8.1168,Kettenheim (Eichhof),Rheinland-Pfalz
14015,20201104,20260112,388,50.1587,7.4972,Gondershausen,Rheinland-Pfalz
14016,20201104,20260112,98,49.5871,8.3414,Kleinniedesheim,Rheinland-Pfalz
14017,20201104,20260112,144,49.1582,8.2536,Herxheimweyher,Rheinland-Pfalz
14018,20201104,20260112,180,49.5189,8.1875,Dackenheim/Pfalz,Rheinland-Pfalz
14019,20201104,20260112,129,49.2449,8.2912,Lustadt,Rheinland-Pfalz
14020,20201104,20260112,195,50.2558,7.3535,Münstermaifeld,Rheinland-Pfalz
14021,20201104,20260112,209,49.827,8.332,Dienheim,Rheinland-Pfalz
14022,20201104,20260112,461,49.6353,7.2105,Dienstweiler,Rheinland-Pfalz
14023,20201104,20260112,476,50.1419,6.3126,Strickscheid,Rheinland-Pfalz
14024,20200930,20250327,197,49.9678,6.8593,Wittlich,Rheinland-Pfalz
14025,20201104,20260112,526,50.2596,6.802,Dreis-Brück,Rheinland-Pfalz
14026,20201104,20260112,312,50.7316,7.7003,Isert,Rheinland-Pfalz
14027,20201104,20260112,372,50.2642,8.0073,Berghausen,Rheinland-Pfalz
14028,20201104,20260112,411,49.3684,7.4688,Martinshöhe,Rheinland-Pfalz
14029,20201104,20260112,418,50.0005,7.5927,Wahlbach/Hunsr.,Rheinland-Pfalz
14030,20201104,20260112,307,49.4716,7.762,Morlautern,Rheinland-Pfalz
14031,20201104,20260112,369,49.5725,6.4647,Merzkirchen,Rheinland-Pfalz
14032,20201104,20260112,91,50.4468,7.5357,Heimbach-Weis/Rhein,Rheinland-Pfalz
14033,20201104,20260112,248,49.7539,6.6933,Avelsbach,Rheinland-Pfalz
14034,20201104,20260112,143,49.8004,6.7833,Riol,Rheinland-Pfalz
14035,20201104,20260112,194,49.6334,8.0278,Weierhof,Rheinland-Pfalz
14036,20201104,20260112,529,50.0708,6.6242,Steinborn,Rheinland-Pfalz
14037,20201104,20260112,325,50.0069,6.4606,Wiersdorf/Stausee Bitburg,Rheinland-Pfalz
14038,20201104,20260112,169,49.7756,7.6128,Meddersheim,Rheinland-Pfalz
14040,20230313,20260112,144,49.2606,8.1549,Edesheim,Rheinland-Pfalz
14041,20230313,20260112,159,49.0379,7.9916,Schweighofen,Rheinland-Pfalz
14042,20201104,20260112,150,50.5849,7.1455,Leimersdorf-Nierendorf,Rheinland-Pfalz
14043,20220208,20260112,155,50.3837,7.5325,Mülheim-Kärlich,Rheinland-Pfalz
14044,20211129,20260112,219,49.9747,8.0986,Ingelheim/Rhein,Rheinland-Pfalz
14045,20211129,20260112,88,50.0069,8.0915,Heidenfahrt,Rheinland-Pfalz
14046,20220203,20260112,116,49.9512,8.0074,Gau-Algesheim,Rheinland-Pfalz
14047,20230313,20260112,119,49.5092,8.1998,Freinsheim,Rheinland-Pfalz
14048,20230313,20260112,203,50.0593,7.7603,Bacharach,Rheinland-Pfalz
14049,20230313,20260112,120,50.2531,7.5998,Boppard,Rheinland-Pfalz
14050,20230313,20260112,130,49.5206,8.2545,Weisenheim,Rheinland-Pfalz
14051,20230313,20260112,180,49.1838,8.0837,Landau-Wollmesheim,Rheinland-Pfalz
14052,20201104,20260112,192,49.2165,8.0479,Siebeldingen,Rheinland-Pfalz
14053,20230313,20260112,121,49.2237,8.1139,Landau-Nussdorf,Rheinland-Pfalz
14054,20230313,20260112,213,49.1077,7.997,Bergzabern,Rheinland-Pfalz
14055,20230313,20260112,198,49.054,7.9701,Schweigen-Rechtenbach,Rheinland-Pfalz
14056,20230313,20260112,228,49.5825,8.1517,Grünstadt-Asselheim,Rheinland-Pfalz
14057,20230313,20260112,186,49.544,8.1606,Grünstadt-Sausenheim,Rheinland-Pfalz
14058,20230313,20260112,140,49.4624,8.2029,Dürkheim,Rheinland-Pfalz
14059,20230313,20260112,147,49.2941,8.1503,Maikammer/Pfalz,Rheinland-Pfalz
14061,20230313,20260112,98,49.4622,8.2692,Ellerstadt/Pfalz,Rheinland-Pfalz
14062,20230313,20260112,132,49.1048,8.0993,Steinweiler,Rheinland-Pfalz
14063,20200930,20260112,88,49.9566,7.9642,Bingen-Gaulsheim,Rheinland-Pfalz
14065,20201104,20260112,115,49.6057,8.2531,Offstein,Rheinland-Pfalz
14069,20230313,20260112,197,49.6461,8.1482,Zellertal,Rheinland-Pfalz
14070,20230313,20260112,89,49.8847,8.3374,Nierstein,Rheinland-Pfalz
14071,20211120,20260112,180,49.6384,7.5749,Wiesweiler,Rheinland-Pfalz
14072,20201104,20260112,133,50.0902,7.1401,Neef,Rheinland-Pfalz
14073,20230313,20260112,151,49.6715,6.5784,Kanzem,Rheinland-Pfalz
14074,20230313,20260112,188,49.6596,6.444,Nittel,Rheinland-Pfalz
14075,20230313,20260112,126,49.9145,6.9979,Brauneberg,Rheinland-Pfalz
14076,20230313,20260112,212,49.9524,7.0265,Zeltingen,Rheinland-Pfalz
14077,20230313,20260112,132,49.9792,7.1089,Traben-Trarbach/Mosel,Rheinland-Pfalz
14078,20230313,20260112,140,50.1706,7.2493,Pommern,Rheinland-Pfalz
14079,20230313,20260112,85,50.3126,7.5018,Winningen/Weinberg,Rheinland-Pfalz
14080,20230313,20260112,140,50.5126,7.013,Mayschoß,Rheinland-Pfalz
14081,20211129,20260112,156,50.2286,7.4138,Hatzenport,Rheinland-Pfalz
14082,20230313,20260112,186,49.9198,7.0759,Bernkastel-Kues/Mosel,Rheinland-Pfalz
14083,20230313,20260112,150,50.1058,7.1326,Calmont,Rheinland-Pfalz
14084,20230313,20260112,113,49.8072,8.3418,Guntersblum/Rheinhessen,Rheinland-Pfalz
14085,20230313,20260112,251,49.695,8.1469,Flomborn,Rheinland-Pfalz
14086,20230313,20260112,132,49.7491,8.3143,Alsheim,Rheinland-Pfalz
14087,20230313,20260112,150,49.7241,8.2729,Bechtheim,Rheinland-Pfalz
14088,20230313,20260112,104,50.0355,7.1487,Briedel,Rheinland-Pfalz
14089,20230313,20260112,93,50.1428,7.1988,Valwig,Rheinland-Pfalz
14090,20230313,20260112,111,49.6387,8.2969,Worms-Leiselheim,Rheinland-Pfalz
14092,20230313,20260112,120,49.9319,8.2988,Bodenheim,Rheinland-Pfalz
14093,20211120,20260112,211,49.9719,8.186,Drais-Finthen,Rheinland-Pfalz
14094,20230313,20260112,109,49.4267,8.2229,Deidesheim-Niederkirchen,Rheinland-Pfalz
14095,20230313,20260112,148,49.6823,8.2434,Gundheim/Rheinhessen,Rheinland-Pfalz
14096,20230313,20260112,150,50.6225,6.9916,Klein-Altendorf,Nordrhein-Westfalen
14097,20230313,20260112,179,49.4901,8.1685,Leistadt-Kallstadt,Rheinland-Pfalz
14098,20230313,20260112,122,49.8343,6.8778,Leiwen/Mosel,Rheinland-Pfalz
14099,20230313,20260112,225,50.3247,7.2303,Mayen/Nette,Rheinland-Pfalz
14100,20230313,20260112,188,49.8132,7.7955,Norheim,Rheinland-Pfalz
14101,20230313,20260112,139,49.8858,6.9111,Piesport/Mosel,Rheinland-Pfalz
14102,20230313,20260112,135,49.8013,6.8488,Pölich,Rheinland-Pfalz
14103,20230313,20260112,102,49.3598,8.4214,Speyer/Rhein,Rheinland-Pfalz
14104,20230313,20260112,113,50.0233,7.1828,Zell,Rheinland-Pfalz
14105,20230313,20260112,238,49.9017,8.2244,Zornheim,Rheinland-Pfalz
14108,20201104,20260112,95,49.7474,8.3839,Eich/Rheinhessen,Rheinland-Pfalz
14109,20201105,20260112,290,49.9357,6.2523,Körperich-Gaytalpark,Rheinland-Pfalz
14138,20090915,20151231,73,52.1655,14.1224,Falkenberg (Grenzschichtmessfeld),Brandenburg
14139,20201104,20260112,610,49.8967,7.5869,Entenpfuhl,Rheinland-Pfalz
15000,20110401,20260112,231,50.7983,6.0244,Aachen-Orsbach,Nordrhein-Westfalen
15044,20111001,20260112,199,50.4517,7.4058,Neuwied-Feldkirchen-Hüllenberg,Rheinland-Pfalz
15120,20120301,20260112,379,51.5572,8.7019,Haaren,Nordrhein-Westfalen
15122,20120401,20260112,380,49.52,10.2854,Ergersheim-Neuherberg,Bayern
15187,20210118,20260112,606,49.2703,7.8264,Hortenkopf,Rheinland-Pfalz
15189,20130501,20260112,12,53.8281,12.5936,Sukow-Levitzow,Mecklenburg-Vorpommern
15190,20180701,20260112,18,51.6802,6.4349,Xanten (Wasserwerk),Nordrhein-Westfalen
15194,20240401,20260112,129,52.0688,10.6245,Börßum-Achim,Niedersachsen
15200,20130601,20260112,327,51.2531,7.2157,Wuppertal,Nordrhein-Westfalen
15207,20131101,20260112,317,51.2835,9.359,Schauenburg-Elgershausen,Hessen
15214,20131101,20260112,808,47.6248,10.8075,Halblech-Bayerniederhofen,Bayern
15249,20201104,20260112,560,50.6936,8.0884,Liebenscheid,Rheinland-Pfalz
15444,20140901,20260112,593,48.4418,9.9216,Ulm-Mähringen,Baden-Württemberg
15520,20150901,20260112,656,47.819,12.2956,Frasdorf-Greimelberg,Bayern
15547,20161001,20260112,214,49.1259,9.1428,Heilbronn/Neckar,Baden-Württemberg
15555,20240823,20260112,815,47.8761,10.5849,Kaufbeuren-Oberbeuren,Bayern
15561,20201104,20260112,247,49.7461,7.3919,Fischbach/Nahe,Rheinland-Pfalz
15569,20201104,20260112,155,49.8073,7.9546,Wöllstein,Rheinland-Pfalz
15801,20201001,20260112,718,48.8257,13.5922,Hinterschmiding-Sonndorf,Bayern
15813,20220301,20260112,40,52.5126,7.4131,Lingen-Baccum,Niedersachsen
15821,20231011,20260112,387,49.8703,7.689,Gauchsberg,Rheinland-Pfalz
15822,20250701,20260112,369,49.4324,7.9086,Hochspeyer/Pfalz,Rheinland-Pfalz
15823,20250701,20260112,514,49.2752,7.8021,Merzalben,Rheinland-Pfalz
15824,20250701,20260112,593,49.6331,7.9211,Dannenfels/Donnersberg,Rheinland-Pfalz
15825,20250629,20260112,650,49.6953,7.0288,Hermeskeil (Thiergarten),Rheinland-Pfalz
15828,20250701,20260112,565,49.5774,6.774,Holzbach,Rheinland-Pfalz
15829,20231008,20250630,136,49.0474,8.086,Schaidt,Rheinland-Pfalz
15850,20231008,20260109,416,49.5248,7.6431,Frankelbach,Rheinland-Pfalz
15911,20210601,20260112,279,51.1347,14.4344,Großpostwitz-Denkwitz,Sachsen
15958,20201104,20260112,287,50.3996,7.2651,Glees/Laacher See,Rheinland-Pfalz
15976,20200401,20260112,216,49.9529,8.2107,Ober-Olm/Bellem,Rheinland-Pfalz
15978,20200401,20260112,316,49.5044,7.8618,Sembach,Rheinland-Pfalz
17572,20231114,20260112,140,50.0395,8.4099,Flörsheim-Wicker,Hessen
17574,20231122,20260112,152,49.4372,8.1959,Wachenheim/Pfalz,Rheinland-Pfalz
17575,20250507,20260112,85,49.8509,8.3771,Oppenheim (Lange Äcker),Rheinland-Pfalz
17576,20250317,20260112,123,49.8657,8.2433,Selzen,Rheinland-Pfalz
17577,20231114,20260112,182,49.795,8.2532,Dolgesheim,Rheinland-Pfalz
17578,20231114,20260112,121,50.5497,7.1461,Neuenahr,Rheinland-Pfalz
17580,20231114,20260112,253,49.6972,6.6348,Konz-Niedermennig,Rheinland-Pfalz
17581,20250402,20260112,117,49.3945,8.1923,Ruppertsberg/Weinstraße,Rheinland-Pfalz
17582,20231114,20260112,100,49.438,8.3329,Mutterstadt,Rheinland-Pfalz
17583,20231114,20260112,98,49.4395,8.3977,Ludwigshafen-Rheingönheim,Rheinland-Pfalz
17584,20231114,20260112,100,49.5361,8.3246,Frankenthal/Pfalz,Rheinland-Pfalz
17585,20231114,20260112,95,49.5069,8.3229,Frankenthal/Pfalz-Eppstein,Rheinland-Pfalz
17586,20231114,20260112,111,49.4049,8.2631,Meckenheim/Pfalz,Rheinland-Pfalz
17587,20231114,20260112,100,50.4611,7.3731,Leutesdorf,Rheinland-Pfalz
17588,20231114,20260112,161,49.5576,8.2204,Laumersheim,Rheinland-Pfalz
17589,20231114,20260112,281,49.8488,6.8634,Klüsserath,Rheinland-Pfalz
17590,20231114,20260112,134,49.313,8.204,Neustadt/Weinstraße-Lachen-Speyerdorf,Rheinland-Pfalz
17591,20231114,20260112,176,50.1111,7.7149,Oberwesel (Klippelberg),Rheinland-Pfalz
17592,20231114,20260112,144,49.8931,7.8616,Guldental,Rheinland-Pfalz
17593,20231114,20260112,132,50.1873,7.3431,Müden/Mosel,Rheinland-Pfalz
17594,20231114,20260112,98,49.4141,8.3975,Limburgerhof/Pfalz,Rheinland-Pfalz
17595,20231114,20260112,94,49.5566,8.4021,Frankenthal/Pfalz-Mörsch,Rheinland-Pfalz
17596,20231114,20260112,131,49.2658,8.2244,Freimersheim/Pfalz,Rheinland-Pfalz
17597,20250402,20260112,197,49.9391,6.9853,Maring-Noviand/Lieser,Rheinland-Pfalz
17598,20231114,20260112,150,49.8811,8.1489,Saulheim,Rheinland-Pfalz
19100,20201104,20260112,97,50.4563,7.4962,Neuwied-Torney,Rheinland-Pfalz
19171,20200901,20260112,13,54.0039,9.8555,Hasenkrug-Hardebek,Schleswig-Holstein
19207,20230401,20260112,16,53.8178,12.0645,Gülzow-Prüzen,Mecklenburg-Vorpommern
19243,20240101,20260112,8,54.6831,8.4721,Föhr,Schleswig-Holstein
19303,20220228,20260112,200,49.9224,8.0183,Appenheim,Rheinland-Pfalz
19304,20220228,20260112,123,49.9152,7.9555,Dromersheim,Rheinland-Pfalz
19310,20230130,20260112,175,50.2356,8.6764,Ober-Erlenbach,Hessen
19311,20230130,20260112,81,49.9807,7.9587,Geisenheim/Rhein,Hessen
19312,20230130,20260112,188,51.3188,9.8724,Witzenhausen-Wendershausen,Hessen
19313,20230130,20260112,89,49.8431,8.5462,Griesheim b. Darmstadt,Hessen
19314,20230130,20260112,185,50.3242,8.7196,Friedberg-Ockstadt,Hessen
19315,20230130,20260112,86,49.8537,8.4536,Riedstadt,Hessen
19316,20230130,20260112,228,51.1634,10.0256,Vogelsburg,Hessen
19444,20230130,20260112,249,51.5261,9.4725,Hofgeismar-Beberbeck/Reinhardswald,Hessen
19445,20230131,20260112,202,50.8477,9.6856,Hersfeld,Hessen
19448,20230131,20260112,671,50.4859,10.0082,Ehrenberg/Rhön-Wüstensachsen,Hessen
19449,20230131,20260112,353,51.2308,8.9324,Vöhl-Hof Lauterbach,Hessen
19450,20230131,20260106,337,50.2119,8.105,Hohenstein/Untertaunus,Hessen
19576,20230901,20230908,249,49.8044,8.8582,Reinheim-Hundertmorgen,Hessen
19768,20230424,20260112,235,49.6672,8.0228,Kirchheimbolanden/Pfalz,Rheinland-Pfalz
19851,20231011,20260112,576,50.4111,7.043,Hohenleimbach,Rheinland-Pfalz
19852,20231011,20260112,106,50.008,8.154,Mainz (Lennebergwald),Rheinland-Pfalz
19856,20240801,20260112,625,47.6134,12.9819,Schönau am Königssee,Bayern
19858,20231114,20260112,233,49.8824,7.7763,Wallhausen/Gräfenbach,Rheinland-Pfalz
19859,20231114,20260112,132,49.8216,8.058,Wallertheim/Wiesbach,Rheinland-Pfalz
19860,20231114,20260112,356,49.5372,7.9002,Neumühle/Alsenz,Rheinland-Pfalz
19861,20231114,20260112,165,50.3544,7.3392,Kruft,Rheinland-Pfalz
19863,20231114,20260112,214,50.5891,7.0342,Gelsdorf/Altbach,Rheinland-Pfalz
19917,20240325,20260112,154,49.9321,8.0766,Schwabenheim a.d. Selz,Rheinland-Pfalz
20043,20251118,20260112,436,51.2926,7.5687,Hagen-Bölling,Nordrhein-Westfalen
20045,20251001,20260112,397,51.3077,7.4284,Hagen Hof-Wahl (Flugplatz),Nordrhein-Westfalen
20046,20251001,20260112,231,51.3631,7.419,Hagen-Geweke,Nordrhein-Westfalen
20048,20251001,20260112,94,51.3951,7.451,Hagen-Hengstey,Nordrhein-Westfalen
20052,20251001,20260112,96,51.3869,7.4119,Hagen-Werdringen,Nordrhein-Westfalen
20107,20250327,20260112,311,49.9687,6.8272,Wittlich-Bergweiler,Rheinland-Pfalz
20111,20250411,20260112,363,49.8495,6.5241,Eisenach/Eifel,Rheinland-Pfalz
20186,20250804,20260112,309,49.4836,7.8613,Mehlingen Lkrs. Kaierslautern,Rheinland-Pfalz
